method,req,n,n_apps,calls_app1,max_app1,min_app1,mean_app1,std_app1,ovh_per_req,ct_per_req,calls_app2,calls_app3,max_app2,max_app3,min_app2,min_app3,mean_app2,mean_app3,std_app2,std_app3,calls_app4,calls_app5,max_app4,max_app5,min_app4,min_app5,mean_app4,mean_app5,std_app4,std_app5,calls_app6,calls_app7,max_app6,max_app7,min_app6,min_app7,mean_app6,mean_app7,std_app6,std_app7
rn,f,10,1,10,0.143684,0.06081,0.1188598999999999,0.0296660580038872,0.0001586,0.0207241,,,,,,,,,,,,,,,,,,,,,,,,,,,,,,
rn,r,10,1,10,0.059234,0.055282,0.0568419999999999,0.0012477793875521,0.0001852,0.1176577,,,,,,,,,,,,,,,,,,,,,,,,,,,,,,
rn,s,10,1,10,0.058434,0.054876,0.0565240999999999,0.0009092824038768,0.000122,0.0575377,,,,,,,,,,,,,,,,,,,,,,,,,,,,,,
rn,f,10,3,5,0.133446,0.094254,0.1137426,0.0162736831553278,0.0003124,0.0442058,2.0,3.0,0.307419,0.408008,0.230702,0.271146,0.2690605,0.3296136666666666,0.0383585,0.0576229456283596,,,,,,,,,,,,,,,,,,,,
rn,r,10,3,4,0.057212,0.055295,0.0561069999999999,0.0008008024100862,0.0001766,0.0840158,1.0,5.0,0.006629,0.017502,0.006629,0.004603,0.006629,0.0080768,0.0,0.00476031601472,,,,,,,,,,,,,,,,,,,,
rn,s,10,3,2,0.055243,0.054368,0.0548055,0.0004375,0.0001116,0.0163118,3.0,5.0,0.006533,0.007206,0.005214,0.004007,0.0058903333333333,0.0052987999999999,0.0005390054627634,0.0011437051018509,,,,,,,,,,,,,,,,,,,,
rn,f,10,5,1,0.072748,0.072748,0.072748,0.0,0.0002044999999999,0.0169136,4.0,4.0,0.034398,0.029665,0.015886,0.018706,0.024134,0.0242975,0.0070457814683681,0.004132106514842,0.0,1.0,0.0,0.149418,0.0,0.149418,0.0,0.149418,0.0,0.0,,,,,,,,,,
rn,r,10,5,0,0.0,0.0,0.0,0.0,0.0001651,0.0591760999999999,4.0,2.0,0.005474,0.007803,0.004211,0.004956,0.00471425,0.0063795,0.0004662152802086,0.0014234999999999,2.0,2.0,0.047304,0.008468,0.005558,0.005241,0.026431,0.0068544999999999,0.020873,0.0016135,,,,,,,,,,
rn,s,10,5,4,0.064634,0.054913,0.0581997499999999,0.0038040404424111,0.0001248,0.0278057,3.0,1.0,0.008985,0.005347,0.004015,0.005347,0.006466,0.005347,0.0020295636641077,0.0,1.0,1.0,0.005997,0.006062,0.005997,0.006062,0.005997,0.006062,0.0,0.0,,,,,,,,,,
rn,f,10,7,3,0.102011,0.068322,0.0839106666666666,0.0138676730163675,0.0002393,0.0146220999999999,2.0,2.0,0.02827,0.021033,0.011421,0.015269,0.0198455,0.018151,0.0084245,0.002882,0.0,0.0,0.0,0.0,0.0,0.0,0.0,0.0,0.0,0.0,2.0,1.0,0.098484,0.109643,0.079042,0.109643,0.088763,0.109643,0.009721,0.0
rn,r,10,7,2,0.055423,0.055379,0.055401,2.2000000000001185e-05,0.0001749999999999,0.0710021,1.0,3.0,0.004235,0.005919,0.004235,0.004534,0.004235,0.0050616666666666,0.0,0.0006115915485209,1.0,0.0,0.004746,0.0,0.004746,0.0,0.004746,0.0,0.0,0.0,2.0,1.0,0.006714,0.004654,0.005011,0.004654,0.0058625,0.004654,0.0008515,0.0
rn,s,10,7,1,0.055079,0.055079,0.055079,0.0,0.0001214,0.0116209,3.0,2.0,0.011102,0.005845,0.004781,0.005683,0.0071646666666666,0.005764,0.0028046592583691,8.100000000000034e-05,0.0,1.0,0.0,0.004254,0.0,0.004254,0.0,0.004254,0.0,0.0,3.0,0.0,0.006106,0.0,0.004488,0.0,0.0052116666666666,0.0,0.0006714791301464,0.0
rr,f,10,1,10,0.068052,0.057049,0.0619298,0.0027688371494185,0.0001984999999999,0.0127833,,,,,,,,,,,,,,,,,,,,,,,,,,,,,,
rr,r,10,1,10,0.05988,0.05449,0.0562484999999999,0.0014150875061281,0.0001864999999999,0.0971686,,,,,,,,,,,,,,,,,,,,,,,,,,,,,,
rr,s,10,1,10,0.056903,0.054614,0.0554303,0.0007185300341669,0.0001219,0.0563754,,,,,,,,,,,,,,,,,,,,,,,,,,,,,,
rr,f,10,3,3,0.070069,0.059604,0.065561,0.004393461581335,0.000159,0.0103824,4.0,3.0,0.02188,0.026972,0.010213,0.01691,0.01674875,0.0229243333333333,0.0051810748583184,0.0043368033029973,,,,,,,,,,,,,,,,,,,,
rr,r,10,3,3,0.05626,0.054798,0.0554659999999999,0.0006034721755529,0.0001831,0.0771362,4.0,3.0,0.00924,0.005282,0.004131,0.00424,0.005632,0.0047813333333333,0.0020935019703835,0.0004263655187225,,,,,,,,,,,,,,,,,,,,
rr,s,10,3,3,0.056246,0.054328,0.0553566666666666,0.0007891942445022,0.0001023,0.0207652,4.0,3.0,0.005632,0.005896,0.004084,0.004133,0.00465475,0.005063,0.0006084831037095,0.0007230025357263,,,,,,,,,,,,,,,,,,,,
rr,f,10,5,2,0.072392,0.058562,0.065477,0.0069149999999999,0.0001908,0.0126226,2.0,2.0,0.027159,0.042689,0.020234,0.040571,0.0236965,0.04163,0.0034625,0.0010589999999999,2.0,2.0,0.063198,0.06322,0.013041,0.026326,0.0381195,0.044773,0.0250785,0.0184469999999999,,,,,,,,,,
rr,r,10,5,2,0.05536,0.054479,0.0549194999999999,0.0004404999999999,0.000164,0.057689,2.0,2.0,0.011342,0.005968,0.004524,0.004571,0.0079329999999999,0.0052695,0.0034089999999999,0.0006984999999999,2.0,2.0,0.006776,0.004501,0.005653,0.00413,0.0062144999999999,0.0043155,0.0005614999999999,0.0001854999999999,,,,,,,,,,
rr,s,10,5,2,0.054939,0.054787,0.054863,7.599999999999968e-05,0.0001166,0.0163185,2.0,2.0,0.00581,0.005609,0.005248,0.004692,0.005529,0.0051505,0.000281,0.0004585,2.0,2.0,0.006201,0.007548,0.006045,0.004085,0.006123,0.0058165,7.799999999999994e-05,0.0017315,,,,,,,,,,
rr,f,10,7,1,0.061542,0.061542,0.061542,0.0,0.000702,0.0126998,2.0,2.0,0.035535,0.035464,0.02993,0.023976,0.0327325,0.02972,0.0028024999999999,0.005744,2.0,1.0,0.047587,0.027364,0.020402,0.027364,0.0339945,0.027364,0.0135924999999999,0.0,1.0,1.0,0.04539,0.041885,0.04539,0.041885,0.04539,0.041885,0.0,0.0
rr,r,10,7,1,0.054942,0.054942,0.054942,0.0,0.0001548999999999,0.0653466,2.0,2.0,0.00567,0.004857,0.005637,0.004472,0.0056535,0.0046645,1.650000000000002e-05,0.0001924999999999,2.0,1.0,0.004684,0.004701,0.003831,0.004701,0.0042575,0.004701,0.0004264999999999,0.0,1.0,1.0,0.004549,0.005765,0.004549,0.005765,0.004549,0.005765,0.0,0.0
rr,s,10,7,1,0.055203,0.055203,0.055203,0.0,0.0001112,0.0112226,2.0,2.0,0.006579,0.00541,0.005796,0.003791,0.0061875,0.0046005,0.0003914999999999,0.0008094999999999,2.0,1.0,0.004901,0.007608,0.004867,0.007608,0.0048839999999999,0.007608,1.7000000000000088e-05,0.0,1.0,1.0,0.004273,0.005671,0.004273,0.005671,0.004273,0.005671,0.0,0.0
ls,f,10,1,10,0.065718,0.056178,0.0609343,0.003569233420498,0.0001773999999999,0.0125125,,,,,,,,,,,,,,,,,,,,,,,,,,,,,,
ls,r,10,1,10,0.057869,0.054777,0.0556303,0.000868594387502,0.0002115,0.1114857,,,,,,,,,,,,,,,,,,,,,,,,,,,,,,
ls,s,10,1,10,0.057101,0.054711,0.0553826,0.0006922742520128,0.0001176999999999,0.0563191,,,,,,,,,,,,,,,,,,,,,,,,,,,,,,
ls,f,10,3,8,0.066899,0.056797,0.0606702499999999,0.0028472012024969,0.0007768,0.009751,2.0,0.0,0.014453,0.0,0.01199,0.0,0.0132215,0.0,0.0012315,0.0,,,,,,,,,,,,,,,,,,,,
ls,r,10,3,1,0.057121,0.057121,0.057121,0.0,0.000164,0.0659756,1.0,8.0,0.004571,0.004623,0.004571,0.00422,0.004571,0.004456,0.0,0.0001184715155638,,,,,,,,,,,,,,,,,,,,
ls,s,10,3,1,0.056663,0.056663,0.056663,0.0,0.0001542,0.0114079,8.0,1.0,0.006747,0.006942,0.003801,0.006942,0.004978125,0.006942,0.0008590937721663,0.0,,,,,,,,,,,,,,,,,,,,
ls,f,10,5,8,0.087346,0.059402,0.0727043749999999,0.0099829667426259,0.0002223,0.0100565,2.0,0.0,0.00894,0.0,0.008005,0.0,0.0084725,0.0,0.0004675,0.0,0.0,0.0,0.0,0.0,0.0,0.0,0.0,0.0,0.0,0.0,,,,,,,,,,
ls,r,10,5,1,0.05693,0.05693,0.05693,0.0,0.0001727,0.0620849,5.0,2.0,0.005267,0.006893,0.004868,0.004956,0.0050224,0.0059245,0.000142941386589,0.0009684999999999,1.0,1.0,0.005719,0.005218,0.005719,0.005218,0.005719,0.005218,0.0,0.0,,,,,,,,,,
ls,s,10,5,1,0.057009,0.057009,0.057009,0.0,0.0001608,0.0142878,1.0,1.0,0.008901,0.006377,0.008901,0.006377,0.008901,0.006377,0.0,0.0,1.0,6.0,0.023248,0.006968,0.023248,0.004779,0.023248,0.0060798333333333,0.0,0.0007156836863369,,,,,,,,,,
ls,f,10,7,8,0.067504,0.058702,0.06314375,0.002619287343439,0.0001794,0.0095050999999999,2.0,0.0,0.014538,0.0,0.009923,0.0,0.0122305,0.0,0.0023075,0.0,0.0,0.0,0.0,0.0,0.0,0.0,0.0,0.0,0.0,0.0,0.0,0.0,0.0,0.0,0.0,0.0,0.0,0.0,0.0,0.0
ls,r,10,7,1,0.05822,0.05822,0.05822,0.0,0.0001763,0.0438359,1.0,1.0,0.005672,0.006553,0.005672,0.006553,0.005672,0.006553,0.0,0.0,2.0,1.0,0.00529,0.006184,0.004429,0.006184,0.0048595,0.006184,0.0004305,0.0,1.0,3.0,0.006195,0.006333,0.006195,0.004641,0.006195,0.0054546666666666,0.0,0.0006922679314318
ls,s,10,7,1,0.057802,0.057802,0.057802,0.0,0.0001236,0.0124245,1.0,3.0,0.005246,0.00543,0.005246,0.004537,0.005246,0.005031,0.0,0.0003707029358754,1.0,2.0,0.007165,0.006362,0.007165,0.005077,0.007165,0.0057195,0.0,0.0006424999999999,1.0,1.0,0.008521,0.008849,0.008521,0.008849,0.008521,0.008849,0.0,0.0
lt,f,10,1,10,0.07268,0.057827,0.0654699,0.0049874822997179,0.0001984,0.0145364999999999,,,,,,,,,,,,,,,,,,,,,,,,,,,,,,
lt,r,10,1,10,0.059623,0.054974,0.0561177999999999,0.0012799108406447,0.0001763,0.1162083999999999,,,,,,,,,,,,,,,,,,,,,,,,,,,,,,
lt,s,10,1,10,0.057881,0.054819,0.0555107,0.00087183473778,0.0001140999999999,0.056652,,,,,,,,,,,,,,,,,,,,,,,,,,,,,,
lt,f,10,3,8,0.17217,0.120563,0.1388687499999999,0.0146683606339461,0.0001613,0.0194649,2.0,0.0,0.012334,0.0,0.010871,0.0,0.0116025,0.0,0.0007314999999999,0.0,,,,,,,,,,,,,,,,,,,,
lt,r,10,3,1,0.056691,0.056691,0.056691,0.0,0.000159,0.056636,1.0,8.0,0.005297,0.004962,0.005297,0.004022,0.005297,0.004534375,0.0,0.0002972258978874,,,,,,,,,,,,,,,,,,,,
lt,s,10,3,1,0.056265,0.056265,0.056265,0.0,9.8e-05,0.010291,5.0,4.0,0.004751,0.004531,0.00404,0.003839,0.0043444,0.0042605,0.0002327819580637,0.0002563956902913,,,,,,,,,,,,,,,,,,,,
lt,f,10,5,8,0.072737,0.058326,0.068277,0.0044280493448018,0.0002136,0.0098503,2.0,0.0,0.021934,0.0,0.018975,0.0,0.0204545,0.0,0.0014795,0.0,0.0,0.0,0.0,0.0,0.0,0.0,0.0,0.0,0.0,0.0,,,,,,,,,,
lt,r,10,5,1,0.056524,0.056524,0.056524,0.0,0.0002097,0.0675216,1.0,1.0,0.006746,0.005994,0.006746,0.005994,0.006746,0.005994,0.0,0.0,1.0,6.0,0.004895,0.004813,0.004895,0.00419,0.004895,0.0045573333333333,0.0,0.0002238374906538,,,,,,,,,,
lt,s,10,5,1,0.056322,0.056322,0.056322,0.0,0.0001029999999999,0.0102623,1.0,3.0,0.004879,0.004293,0.004879,0.004008,0.004879,0.004103,0.0,0.0001343502884254,1.0,4.0,0.004522,0.004419,0.004522,0.004118,0.004522,0.00426675,0.0,0.0001071922921669,,,,,,,,,,
lt,f,10,7,8,0.069182,0.056782,0.063693625,0.0044678556640042,0.0001904,0.0095561999999999,2.0,0.0,0.00674,0.0,0.004931,0.0,0.0058355,0.0,0.0009045,0.0,0.0,0.0,0.0,0.0,0.0,0.0,0.0,0.0,0.0,0.0,0.0,0.0,0.0,0.0,0.0,0.0,0.0,0.0,0.0,0.0
lt,r,10,7,1,0.056498,0.056498,0.056498,0.0,0.0001844999999999,0.0693934,1.0,2.0,0.004939,0.005324,0.004939,0.00436,0.004939,0.004842,0.0,0.0004819999999999,1.0,1.0,0.004863,0.004563,0.004863,0.004563,0.004863,0.004563,0.0,0.0,3.0,1.0,0.004957,0.005641,0.00416,0.005641,0.0045503333333333,0.005641,0.0003255788008386,0.0
lt,s,10,7,1,0.056239,0.056239,0.056239,0.0,9.72e-05,0.0104672,1.0,1.0,0.005426,0.004301,0.005426,0.004301,0.005426,0.004301,0.0,0.0,1.0,2.0,0.004682,0.004348,0.004682,0.004109,0.004682,0.0042285,0.0,0.0001195,1.0,3.0,0.005536,0.004163,0.005536,0.003988,0.005536,0.004101,0.0,8.00291613517639e-05
rn,f,100,1,100,0.110252,0.053992,0.0607884399999999,0.0092776224371548,0.0001204999999999,0.008133,,,,,,,,,,,,,,,,,,,,,,,,,,,,,,
rn,r,100,1,100,0.057029,0.054393,0.0552506999999999,0.0005566906771268,0.00015939,0.1035913399999999,,,,,,,,,,,,,,,,,,,,,,,,,,,,,,
rn,s,100,1,100,0.069622,0.054243,0.05515246,0.0015384916406662,9.684999999999996e-05,0.05557959,,,,,,,,,,,,,,,,,,,,,,,,,,,,,,
rn,f,100,3,32,0.092307,0.05582,0.06462671875,0.0069553386610321,0.00012319,0.00470853,31.0,37.0,0.054881,0.051626,0.004903,0.004061,0.0167349032258064,0.0158144324324324,0.0099430834912121,0.0118907155776318,,,,,,,,,,,,,,,,,,,,
rn,r,100,3,30,0.056452,0.05451,0.0550284,0.000397781229656,0.0001520599999999,0.07233371,39.0,31.0,0.021845,0.006072,0.003958,0.004048,0.0052687948717948,0.0046974838709677,0.0027824312019922,0.0005975611115174,,,,,,,,,,,,,,,,,,,,
rn,s,100,3,31,0.056764,0.054234,0.0550732580645161,0.000591497987221,0.0001039799999999,0.02089061,37.0,32.0,0.012748,0.013924,0.003932,0.003872,0.0050336216216216,0.0050296875,0.0016272827351364,0.001915405251466,,,,,,,,,,,,,,,,,,,,
rn,f,100,5,19,0.099055,0.057062,0.0714355263157894,0.0113936129308366,0.00015547,0.00428463,23.0,22.0,0.062134,0.042329,0.004705,0.007843,0.0228648260869565,0.0201140909090909,0.0140859016709189,0.0085739038626684,14.0,22.0,0.028867,0.047544,0.006436,0.006817,0.015523,0.0216176363636363,0.0064138475971915,0.0110824692996127,,,,,,,,,,
rn,r,100,5,26,0.056682,0.054548,0.0553280769230769,0.0005207292905942,0.00016002,0.06440985,24.0,15.0,0.006149,0.006219,0.003983,0.004001,0.0047969166666666,0.0048996666666666,0.0006580411535171,0.000560131373479,19.0,16.0,0.011714,0.007103,0.004156,0.004066,0.0053850526315789,0.005107875,0.0016242368725904,0.0009427117716327,,,,,,,,,,
rn,s,100,5,20,0.058606,0.054385,0.0550632,0.0008817567465009,9.624e-05,0.01524386,19.0,23.0,0.00821,0.017336,0.003838,0.003892,0.0047993157894736,0.0050989565217391,0.0012700856188558,0.0027080838641927,13.0,25.0,0.010319,0.006291,0.003826,0.00384,0.0051527692307692,0.00456584,0.0017066607140552,0.0006579057488728,,,,,,,,,,
rn,f,100,7,12,0.104292,0.060582,0.0779386666666666,0.014904350121879,0.00013011,0.00445561,16.0,9.0,0.068001,0.038321,0.008883,0.01313,0.0263720625,0.0216792222222222,0.0165034643918661,0.007083735138059,10.0,20.0,0.051165,0.049304,0.014774,0.010898,0.0261829,0.02355455,0.0115322931063167,0.0102018941352819,22.0,11.0,0.035029,0.04462,0.00634,0.010248,0.0206891363636363,0.0196545454545454,0.0076643696016369,0.0091346598320864
rn,r,100,7,14,0.056294,0.054701,0.0553065714285714,0.0005374230462235,0.0001558199999999,0.05992959,19.0,11.0,0.006302,0.012584,0.003949,0.003951,0.0048194210526315,0.0053994545454545,0.0006451800495977,0.002297056193702,11.0,8.0,0.006948,0.0073,0.004078,0.004221,0.0048798181818181,0.0055561249999999,0.0009893957585022,0.0009082531912275,12.0,25.0,0.006106,0.006395,0.004103,0.003987,0.00471975,0.00451164,0.0006991043228064,0.0004662769889239
rn,s,100,7,14,0.055729,0.054402,0.0547542857142857,0.0003278944578827,9.941000000000004e-05,0.01230086,16.0,14.0,0.005526,0.008,0.003924,0.003924,0.004491,0.0050248571428571,0.0004640831013945,0.0012272345134571,16.0,13.0,0.008553,0.007905,0.003996,0.004213,0.0050785,0.0054300769230769,0.0012317355641532,0.0009488350315833,15.0,12.0,0.005878,0.008106,0.003985,0.003982,0.0047113333333333,0.0054169166666666,0.0006089127651441,0.0013588293036245
rr,f,100,1,100,0.092912,0.05436,0.0606569,0.0066688449187246,0.00010685,0.00801747,,,,,,,,,,,,,,,,,,,,,,,,,,,,,,
rr,r,100,1,100,0.064218,0.054327,0.0552496599999999,0.0010192812194875,0.00015426,0.10679922,,,,,,,,,,,,,,,,,,,,,,,,,,,,,,
rr,s,100,1,100,0.05693,0.054211,0.05495218,0.0004776014945537,9.001999999999998e-05,0.0553682599999999,,,,,,,,,,,,,,,,,,,,,,,,,,,,,,
rr,f,100,3,33,0.093688,0.055795,0.0651205454545454,0.0095003620093415,0.0001126,0.00444611,34.0,33.0,0.050378,0.068792,0.004171,0.004111,0.0131276470588235,0.0147806666666666,0.0091941064367098,0.0135252126061073,,,,,,,,,,,,,,,,,,,,
rr,r,100,3,33,0.05635,0.054527,0.0550343636363636,0.0004158195134533,0.00015144,0.0767349299999999,34.0,33.0,0.006298,0.005795,0.003962,0.003956,0.0046287647058823,0.004405303030303,0.0005885201810135,0.0003580206092636,,,,,,,,,,,,,,,,,,,,
rr,s,100,3,33,0.056227,0.054573,0.0554029393939393,0.0005246222271076,9.302e-05,0.0216220899999999,34.0,33.0,0.006237,0.008075,0.003968,0.003808,0.0043978823529411,0.0045645454545454,0.0005304159724275,0.0007642673691649,,,,,,,,,,,,,,,,,,,,
rr,f,100,5,20,0.117805,0.057397,0.07564165,0.0164140387695259,0.00010913,0.00439296,20.0,20.0,0.035499,0.049715,0.008244,0.008384,0.0169269,0.0196967499999999,0.0078614169327163,0.010657800020994,20.0,20.0,0.056385,0.056293,0.007353,0.009024,0.0200500999999999,0.0171274499999999,0.0104553917616701,0.0100284778928559,,,,,,,,,,
rr,r,100,5,20,0.056602,0.054696,0.0552922999999999,0.0004806473863447,0.0001530599999999,0.06429564,20.0,20.0,0.009842,0.006765,0.004096,0.003974,0.0050217,0.00480535,0.001432446477185,0.0008060103767942,20.0,20.0,0.006703,0.00569,0.004096,0.004059,0.0048223,0.00464875,0.0007646760817496,0.0004923570731694,,,,,,,,,,
rr,s,100,5,20,0.058143,0.054482,0.05538425,0.0009519450548744,0.00010885,0.01610491,20.0,20.0,0.026942,0.007454,0.003889,0.003885,0.00615955,0.00506645,0.0050794344318536,0.0009659522490785,20.0,20.0,0.014034,0.011224,0.003808,0.003897,0.00613175,0.0058409499999999,0.0028529394118172,0.0018736218261698,,,,,,,,,,
rr,f,100,7,14,0.119902,0.055483,0.0763311428571428,0.0170228125628822,0.00011352,0.00449081,15.0,15.0,0.067321,0.045499,0.007599,0.007004,0.0239715333333333,0.0211228,0.0163413941464273,0.0090230014902654,14.0,14.0,0.076012,0.074739,0.006556,0.008199,0.0204643571428571,0.0228417857142857,0.0160234034845781,0.0166828631628753,14.0,14.0,0.070426,0.058207,0.01369,0.007976,0.0247268571428571,0.0237101428571428,0.0134195815341246,0.0123046663439824
rr,r,100,7,14,0.055973,0.054346,0.0550206428571428,0.0003864569107643,0.0001564099999999,0.06334617,15.0,15.0,0.006259,0.005295,0.004072,0.00414,0.0046981333333333,0.0044960666666666,0.000629449904458,0.0003493801113718,14.0,14.0,0.005421,0.006065,0.004007,0.004108,0.0045887857142857,0.0045872857142857,0.0004626253001807,0.000570007321829,14.0,14.0,0.006682,0.006487,0.004143,0.003967,0.0048628571428571,0.0046937142857142,0.0007677456663265,0.0006300843966793
rr,s,100,7,14,0.055947,0.054273,0.0549262857142857,0.0004549870372676,9.084000000000002e-05,0.0120419999999999,15.0,15.0,0.006173,0.00645,0.003891,0.003944,0.0043030666666666,0.0046945333333333,0.0005455140043013,0.0007264696246613,14.0,14.0,0.009294,0.007396,0.003924,0.00383,0.0051072142857142,0.0048076428571428,0.0014748494924941,0.0010344586995237,14.0,14.0,0.006469,0.00539,0.004016,0.003946,0.0047159285714285,0.0045499285714285,0.00080021501256,0.0005482049231401
ls,f,100,1,100,0.111429,0.054275,0.06167541,0.0108637173058718,0.00011525,0.00818876,,,,,,,,,,,,,,,,,,,,,,,,,,,,,,
ls,r,100,1,100,0.100154,0.054469,0.0556480599999999,0.0045086548300352,0.0001579799999999,0.1072981,,,,,,,,,,,,,,,,,,,,,,,,,,,,,,
ls,s,100,1,100,0.064854,0.054253,0.05536842,0.0012326785159156,9.692e-05,0.05581381,,,,,,,,,,,,,,,,,,,,,,,,,,,,,,
ls,f,100,3,8,0.078659,0.055782,0.068406125,0.0075566351214925,0.00011883,0.00425394,71.0,21.0,0.060656,0.068987,0.012425,0.016949,0.025783028169014,0.0390338095238095,0.0087504933381597,0.0165155842409786,,,,,,,,,,,,,,,,,,,,
ls,r,100,3,1,0.056916,0.056916,0.056916,0.0,0.00016174,0.05810453,98.0,1.0,0.007785,0.005626,0.003963,0.005626,0.0047694795918367,0.005626,0.0007519244728354,0.0,,,,,,,,,,,,,,,,,,,,
ls,s,100,3,1,0.056444,0.056444,0.056444,0.0,0.0001086999999999,0.0061176699999999,2.0,97.0,0.00722,0.014806,0.005591,0.003686,0.0064055,0.0052361752577319,0.0008145,0.0018447629692141,,,,,,,,,,,,,,,,,,,,
ls,f,100,5,8,0.085308,0.057227,0.074280625,0.009222887562167,0.00011234,0.00418958,19.0,7.0,0.06553,0.031764,0.009542,0.016481,0.0351687368421052,0.0267642857142857,0.0209091825555489,0.0049663727123895,8.0,58.0,0.040214,0.048581,0.024951,0.011345,0.030717125,0.0252654310344827,0.0052638273489329,0.0077872452127735,,,,,,,,,,
ls,r,100,5,1,0.056514,0.056514,0.056514,0.0,0.0001938799999999,0.0566326299999999,1.0,1.0,0.005058,0.004989,0.005058,0.004989,0.005058,0.004989,0.0,0.0,94.0,3.0,0.008873,0.005636,0.003953,0.004354,0.004649329787234,0.004821,0.0008086582713056,0.0005783361191095,,,,,,,,,,
ls,s,100,5,1,0.057439,0.057439,0.057439,0.0,9.107e-05,0.00538729,2.0,3.0,0.00505,0.005881,0.004397,0.004322,0.0047235,0.0048453333333333,0.0003264999999999,0.0007323406918155,1.0,93.0,0.004706,0.007484,0.004706,0.003742,0.004706,0.0045346666666666,0.0,0.0008111620276649,,,,,,,,,,
ls,f,100,7,8,0.074108,0.056884,0.066824125,0.0050665481947155,0.00013368,0.0051987799999999,14.0,14.0,0.049704,0.048105,0.015657,0.00943,0.0330723571428571,0.033727,0.0085045573044031,0.0123656166214455,15.0,25.0,0.035196,0.047629,0.012247,0.016756,0.0262190666666666,0.03019932,0.0073883392763341,0.0077971709880956,14.0,10.0,0.131227,0.135222,0.005717,0.010877,0.048881,0.0641815999999999,0.0369674989261803,0.045489703538713
ls,r,100,7,1,0.056995,0.056995,0.056995,0.0,0.00015915,0.05406203,1.0,1.0,0.006376,0.006051,0.006376,0.006051,0.006376,0.006051,0.0,0.0,93.0,2.0,0.02887,0.005951,0.004005,0.005554,0.0052470967741935,0.0057525,0.0030625129784742,0.0001984999999999,1.0,1.0,0.006021,0.005992,0.006021,0.005992,0.006021,0.005992,0.0,0.0
ls,s,100,7,1,0.056405,0.056405,0.056405,0.0,8.868000000000001e-05,0.00534726,1.0,1.0,0.005214,0.005501,0.005214,0.005501,0.005214,0.005501,0.0,0.0,3.0,2.0,0.005532,0.005493,0.004426,0.004311,0.00494,0.004902,0.0004548787384201,0.0005909999999999,91.0,1.0,0.008554,0.004877,0.003767,0.004877,0.0044680549450549,0.004877,0.0008370277525384,0.0
lt,f,100,1,100,0.115694,0.054351,0.065195,0.0124748357568346,0.0001084799999999,0.00858902,,,,,,,,,,,,,,,,,,,,,,,,,,,,,,
lt,r,100,1,100,0.065882,0.054383,0.0559172799999999,0.0017158109166222,0.00017606,0.10519952,,,,,,,,,,,,,,,,,,,,,,,,,,,,,,
lt,s,100,1,100,0.076946,0.054306,0.05589776,0.0029813247696955,0.0001094299999999,0.0563741399999999,,,,,,,,,,,,,,,,,,,,,,,,,,,,,,
lt,f,100,3,8,0.11312,0.068116,0.090245875,0.0151030117562483,0.00012217,0.00468723,48.0,44.0,0.105221,0.096276,0.005769,0.006296,0.0279543958333333,0.0335262272727272,0.0159458912598977,0.0210381456405692,,,,,,,,,,,,,,,,,,,,
lt,r,100,3,1,0.057728,0.057728,0.057728,0.0,0.00015837,0.05576917,59.0,40.0,0.017463,0.007102,0.003862,0.003956,0.0048228983050847,0.004528525,0.0017655474850203,0.0005545577962439,,,,,,,,,,,,,,,,,,,,
lt,s,100,3,1,0.06479,0.06479,0.06479,0.0,8.933000000000001e-05,0.00555346,28.0,71.0,0.014762,0.009592,0.003674,0.003599,0.00519325,0.0044137605633802,0.0020689283393134,0.0011104360831595,,,,,,,,,,,,,,,,,,,,
lt,f,100,5,8,0.086257,0.058578,0.06844,0.0086788616044962,0.00010875,0.00395929,38.0,29.0,0.039695,0.065183,0.008552,0.008867,0.0216895526315789,0.0276923793103448,0.0095616429404634,0.0140477642703048,8.0,17.0,0.035805,0.072895,0.018964,0.009369,0.026681375,0.0350728823529411,0.0064948224367087,0.0204925815756145,,,,,,,,,,
lt,r,100,5,1,0.056339,0.056339,0.056339,0.0,0.0001620499999999,0.05928122,13.0,11.0,0.00641,0.006746,0.004095,0.004206,0.0047033846153846,0.0049971818181818,0.0006445871115518,0.0008400503034918,72.0,3.0,0.006142,0.007334,0.003981,0.004287,0.0045872916666666,0.0056366666666666,0.0005505106073632,0.0012679922011677,,,,,,,,,,
lt,s,100,5,1,0.056782,0.056782,0.056782,0.0,9.007999999999996e-05,0.005241,25.0,42.0,0.006895,0.006512,0.003811,0.003757,0.0044506,0.0043366904761904,0.0007871742373833,0.0006439667799807,3.0,29.0,0.007031,0.007327,0.004585,0.003733,0.005768,0.0043293103448275,0.0010001763177893,0.0006498071386797,,,,,,,,,,
lt,f,100,7,8,0.078475,0.057538,0.0686317499999999,0.0070925422936701,0.0001134599999999,0.00420586,19.0,7.0,0.035992,0.04448,0.005633,0.015162,0.0222371578947368,0.0293551428571428,0.0090947060382641,0.0104353240818806,6.0,30.0,0.059093,0.04879,0.008357,0.011785,0.0285109999999999,0.0248659666666666,0.0211342845711259,0.0074912132594719,5.0,25.0,0.035877,0.070715,0.011801,0.009794,0.0253687999999999,0.03796576,0.0086046022662293,0.0194539612917883
lt,r,100,7,1,0.057469,0.057469,0.057469,0.0,0.00016034,0.05243816,33.0,16.0,0.006112,0.00616,0.003945,0.004098,0.0045974545454545,0.0047256875,0.0005344057073564,0.0005312027295145,5.0,34.0,0.006978,0.006105,0.004212,0.004028,0.0050564,0.0046199117647058,0.0009950237384102,0.0004987238636906,6.0,5.0,0.007012,0.006775,0.004043,0.004379,0.0048084999999999,0.0051747999999999,0.0010258610610929,0.0008278595049886
lt,s,100,7,1,0.061037,0.061037,0.061037,0.0,0.00012961,0.00827289,16.0,38.0,0.01529,0.013487,0.005499,0.004852,0.0074026249999999,0.0068413421052631,0.0021859075310669,0.0016617316471604,8.0,6.0,0.012969,0.019043,0.005951,0.005957,0.00752625,0.0084943333333333,0.0021600924604053,0.0047258077146193,27.0,4.0,0.011472,0.012651,0.00526,0.005668,0.0071044814814814,0.009734,0.001497542143607,0.0025611012279876
rn,f,1000,1,1000,0.151733,0.054001,0.058720712,0.008187363554958,0.000103083,0.007419951,,,,,,,,,,,,,,,,,,,,,,,,,,,,,,
rn,r,1000,1,1000,0.073934,0.054359,0.055201724,0.0010458789135573,0.0001563529999999,0.106990081,,,,,,,,,,,,,,,,,,,,,,,,,,,,,,
rn,s,1000,1,1000,0.063783,0.054219,0.0549918119999999,0.0007243941238414,9.260799999999994e-05,0.0553646109999999,,,,,,,,,,,,,,,,,,,,,,,,,,,,,,
rn,f,1000,3,366,0.15595,0.054396,0.0696734480874316,0.0166966595124809,0.0001369329999999,0.004662848,306.0,328.0,0.130832,0.123251,0.003725,0.003861,0.0172786437908496,0.017479375,0.0153427760866903,0.0153485534567946,,,,,,,,,,,,,,,,,,,,
rn,r,1000,3,360,0.062765,0.054294,0.0551187555555555,0.0006465679488415,0.0001538689999999,0.073662674,340.0,300.0,0.006813,0.013365,0.003962,0.003911,0.0046164558823529,0.00457651,0.0005739909876783,0.0007137933570485,,,,,,,,,,,,,,,,,,,,
rn,s,1000,3,323,0.061664,0.054217,0.0551847058823529,0.0009502854664122,9.679399999999995e-05,0.0213615479999999,343.0,334.0,0.023177,0.010369,0.003798,0.003796,0.0048222157434402,0.0047447005988023,0.0016269314335013,0.0009227295943942,,,,,,,,,,,,,,,,,,,,
rn,f,1000,5,209,0.13402,0.056081,0.0676524258373205,0.0105573784033573,0.000108923,0.0035414599999999,187.0,213.0,0.107219,0.077011,0.003819,0.00406,0.0168795614973262,0.0171758544600938,0.0111438351581632,0.0108865302047533,206.0,185.0,0.04833,0.098741,0.003941,0.003907,0.0165502281553398,0.0175934108108108,0.0088805764125319,0.012192531558245,,,,,,,,,,
rn,r,1000,5,220,0.073385,0.05437,0.0553318909090909,0.001474042862615,0.0001573569999999,0.066616337,188.0,202.0,0.018916,0.026361,0.00388,0.003952,0.0047308351063829,0.0048669801980198,0.0012087563854664,0.0020389024565512,186.0,204.0,0.0085,0.010732,0.003985,0.003928,0.0047656666666666,0.0047033333333333,0.0008334482888453,0.0007802221759158,,,,,,,,,,
rn,s,1000,5,202,0.076241,0.054199,0.0557859950495049,0.0019846831442685,0.0001126499999999,0.015952424,218.0,194.0,0.01577,0.01226,0.0038,0.003821,0.0054024311926605,0.0055043505154639,0.0016230163156487,0.0014523209689068,193.0,193.0,0.012951,0.013873,0.003874,0.00387,0.0053083056994818,0.0056281191709844,0.0013313869642281,0.0016972338639407,,,,,,,,,,
rn,f,1000,7,136,0.155599,0.057013,0.0746456323529411,0.0186371809696957,0.000119477,0.003530002,145.0,137.0,0.062194,0.088959,0.006245,0.005762,0.019318324137931,0.0192479343065693,0.0098546097197919,0.0099450428492318,148.0,127.0,0.095461,0.059979,0.006617,0.004504,0.0214686283783783,0.018383,0.0136010733451049,0.0093326443029314,168.0,139.0,0.11647,0.045579,0.005027,0.005586,0.0223136845238095,0.0182219424460431,0.0175584865467154,0.0092807531221702
rn,r,1000,7,121,0.100171,0.054517,0.055797867768595,0.0044863419524982,0.0001604469999999,0.060826466,155.0,152.0,0.008775,0.02779,0.003915,0.003874,0.0047654516129032,0.0050451118421052,0.0007398982597326,0.0027009744794809,146.0,123.0,0.00872,0.019614,0.003886,0.003941,0.0045240479452054,0.0046854552845528,0.0005829486376513,0.0014346939122977,172.0,131.0,0.008739,0.018363,0.003926,0.003978,0.0046016918604651,0.0049014045801526,0.0006303587971858,0.0017822486473259
rn,s,1000,7,127,0.062072,0.054274,0.0551668188976377,0.0008728774789088,9.547400000000006e-05,0.011326459,150.0,138.0,0.014739,0.007722,0.003854,0.003826,0.0046667666666666,0.004489768115942,0.0011682727787445,0.0007577329678571,182.0,121.0,0.012141,0.009623,0.00378,0.003861,0.0046029615384615,0.0046519917355371,0.0010020243595851,0.0009336004994073,142.0,140.0,0.009371,0.014588,0.003833,0.00373,0.004715014084507,0.0046436214285714,0.0009701368495443,0.001304405658133
rr,f,1000,1,1000,0.131731,0.053958,0.057984665,0.0057959562750917,9.957099999999996e-05,0.0073185399999999,,,,,,,,,,,,,,,,,,,,,,,,,,,,,,
rr,r,1000,1,1000,0.080687,0.054289,0.055223584,0.0011133841803007,0.0001466519999999,0.106266892,,,,,,,,,,,,,,,,,,,,,,,,,,,,,,
rr,s,1000,1,1000,0.062388,0.054174,0.0550062209999999,0.0005575045472092,9.008700000000016e-05,0.055381714,,,,,,,,,,,,,,,,,,,,,,,,,,,,,,
rr,f,1000,3,333,0.148925,0.054874,0.0632368438438438,0.0098021764776675,0.0001049769999999,0.003532863,334.0,333.0,0.088151,0.093592,0.003837,0.004066,0.0100854550898203,0.0096157747747747,0.0074319006927343,0.0077557736234899,,,,,,,,,,,,,,,,,,,,
rr,r,1000,3,333,0.059278,0.054302,0.0551306546546546,0.0005276263046638,0.000148323,0.0695973,334.0,333.0,0.007646,0.010845,0.003931,0.003922,0.0046038982035928,0.0045748978978978,0.0005967130890097,0.000672786417185,,,,,,,,,,,,,,,,,,,,
rr,s,1000,3,333,0.061748,0.054251,0.0555599069069069,0.0010655340891954,9.872799999999986e-05,0.021934123,334.0,333.0,0.012536,0.01877,0.003826,0.003737,0.0044649101796407,0.0049137057057057,0.0007729136826286,0.0014648822490155,,,,,,,,,,,,,,,,,,,,
rr,f,1000,5,200,0.162382,0.055648,0.080137925,0.0169343594753204,0.000136862,0.004561433,200.0,200.0,0.10243,0.129781,0.006787,0.005677,0.02545503,0.02420905,0.0164110547917889,0.0148568726452608,200.0,200.0,0.12534,0.113734,0.005519,0.006623,0.02365402,0.024494735,0.0143342144270134,0.0156179277336903,,,,,,,,,,
rr,r,1000,5,200,0.076885,0.054354,0.0552615349999999,0.0017145883321587,0.0001460729999999,0.066423208,200.0,200.0,0.016478,0.016564,0.00381,0.003947,0.0047299,0.00465153,0.0011997698237578,0.0010087739534206,200.0,200.0,0.017981,0.02634,0.00394,0.003911,0.0047427699999999,0.004784065,0.0014273911191751,0.0018123178365769,,,,,,,,,,
rr,s,1000,5,200,0.059268,0.054257,0.055035015,0.0006892038122174,9.234899999999993e-05,0.015109682,200.0,200.0,0.013171,0.011281,0.003864,0.003779,0.0043959099999999,0.004619995,0.0008058708407058,0.0008528675365934,200.0,200.0,0.024323,0.021365,0.0038,0.003862,0.0052514649999999,0.00483402,0.0018793531703155,0.0016267885694213,,,,,,,,,,
rr,f,1000,7,142,0.1275,0.056201,0.0726184507042253,0.0114494971428894,0.0001047899999999,0.003302572,143.0,143.0,0.089738,0.072667,0.004906,0.005473,0.0179191748251748,0.0177722517482517,0.0108079527727164,0.0092177526655013,143.0,143.0,0.080119,0.098061,0.005638,0.005668,0.0169511818181818,0.0177978741258741,0.0079488596381721,0.0115903940192996,143.0,143.0,0.047812,0.090098,0.006052,0.006005,0.0175795104895104,0.0193362167832167,0.0074369505573553,0.0105229457707556
rr,r,1000,7,142,0.05776,0.054401,0.0550902394366197,0.0005046154431713,0.0001504169999999,0.061964719,143.0,143.0,0.008364,0.00698,0.004022,0.003912,0.0047472447552447,0.0045671398601398,0.0007775575999331,0.0006100032282546,143.0,143.0,0.016672,0.0138,0.003949,0.00395,0.0047567482517482,0.0046882867132867,0.0014672653621334,0.0009317381953363,143.0,143.0,0.008609,0.007011,0.003907,0.003936,0.0046088811188811,0.004496951048951,0.0006258319943626,0.0004523338906745
rr,s,1000,7,142,0.05736,0.054201,0.0552082183098591,0.0006438992257365,9.2377e-05,0.012183641,143.0,143.0,0.0153,0.016215,0.003745,0.003745,0.0044523706293706,0.0046996503496503,0.0010462070131585,0.001382034717965,143.0,143.0,0.013864,0.010587,0.003879,0.003848,0.0049993356643356,0.0045892587412587,0.0012995855710803,0.0010346818281483,143.0,143.0,0.014427,0.012127,0.003868,0.003811,0.0047794895104895,0.0048790419580419,0.0013400805938978,0.0011276615997515
ls,f,1000,1,1000,0.140502,0.05408,0.060163241,0.0089266384404723,0.0001100509999999,0.007592428,,,,,,,,,,,,,,,,,,,,,,,,,,,,,,
ls,r,1000,1,1000,0.078216,0.054337,0.055295786,0.0016702710032219,0.0001589799999999,0.105395067,,,,,,,,,,,,,,,,,,,,,,,,,,,,,,
ls,s,1000,1,1000,0.076836,0.054242,0.055046018,0.0008987325673836,9.36929999999999e-05,0.0554278189999999,,,,,,,,,,,,,,,,,,,,,,,,,,,,,,
ls,f,1000,3,8,0.111815,0.068101,0.0818605,0.012453105044526,0.0001092429999999,0.003474803,7.0,985.0,0.109046,0.100885,0.041885,0.009633,0.0791675714285714,0.0265680771573604,0.025274228556022,0.0087446132158348,,,,,,,,,,,,,,,,,,,,
ls,r,1000,3,1,0.057053,0.057053,0.057053,0.0,0.0001549059999999,0.055521068,997.0,2.0,0.018491,0.005676,0.003926,0.004558,0.0046698686058174,0.005117,0.0009838289883013,0.0005589999999999,,,,,,,,,,,,,,,,,,,,
ls,s,1000,3,1,0.057054,0.057054,0.057054,0.0,8.472299999999978e-05,0.004840181,998.0,1.0,0.021299,0.005683,0.003689,0.005683,0.0045324278557114,0.005683,0.0012143941256818,0.0,,,,,,,,,,,,,,,,,,,,
ls,f,1000,5,8,0.092167,0.068767,0.082835875,0.0073664409900151,0.0001111089999999,0.003509787,235.0,8.0,0.059363,0.071071,0.00566,0.027707,0.0274262765957446,0.042837875,0.0080233689127902,0.0136508725676923,686.0,63.0,0.086198,0.099611,0.006488,0.008361,0.0263919285714285,0.0335626666666666,0.0084733323649328,0.0219840716132934,,,,,,,,,,
ls,r,1000,5,1,0.057008,0.057008,0.057008,0.0,0.0001751619999999,0.055588807,1.0,995.0,0.005921,0.019569,0.005921,0.003907,0.005921,0.0047788492462311,0.0,0.001077570448623,1.0,2.0,0.006656,0.006197,0.006656,0.005142,0.006656,0.0056695,0.0,0.0005275,,,,,,,,,,
ls,s,1000,5,1,0.056689,0.056689,0.056689,0.0,0.0001221219999999,0.007071614,977.0,7.0,0.037007,0.030582,0.003696,0.005274,0.0065773080859774,0.0123864285714285,0.0035046781632423,0.0079485928468438,11.0,4.0,0.016423,0.016545,0.005332,0.004897,0.010474909090909,0.0104897499999999,0.0046423594795308,0.0051165013131533,,,,,,,,,,
ls,f,1000,7,8,0.150503,0.078866,0.121194,0.025994817603707,0.0001160889999999,0.003732088,12.0,21.0,0.0706,0.085221,0.016815,0.005698,0.0379814166666666,0.0352484761904761,0.0176889154296239,0.0187565584304316,47.0,21.0,0.074226,0.109344,0.008127,0.01497,0.0354225531914893,0.0451589047619047,0.0142203797295088,0.0214803533710065,20.0,871.0,0.060113,0.094282,0.011331,0.008262,0.03535165,0.027515447761194,0.0132845275500297,0.0091853624565051
ls,r,1000,7,1,0.057135,0.057135,0.057135,0.0,0.0001577439999999,0.054824856,25.0,907.0,0.025765,0.029693,0.004043,0.003918,0.00538388,0.0047338897464167,0.0041763419813995,0.0014473364560291,62.0,1.0,0.094756,0.005315,0.004012,0.005315,0.0061503548387096,0.005315,0.0115133007291801,0.0,2.0,2.0,0.007377,0.006726,0.004896,0.004797,0.0061365,0.0057615,0.0012404999999999,0.0009645
ls,s,1000,7,1,0.058306,0.058306,0.058306,0.0,9.041500000000012e-05,0.004899937,1.0,5.0,0.005003,0.008612,0.005003,0.004134,0.005003,0.0053162,0.0,0.0016599204077304,989.0,1.0,0.02035,0.004955,0.00365,0.004955,0.0045755692618806,0.004955,0.001322872645,0.0,2.0,1.0,0.006434,0.005863,0.0046,0.005863,0.0055169999999999,0.005863,0.0009169999999999,0.0
lt,f,1000,1,1000,0.143271,0.054039,0.059204081,0.009528837354496,0.000102869,0.0074674899999999,,,,,,,,,,,,,,,,,,,,,,,,,,,,,,
lt,r,1000,1,1000,0.079485,0.054335,0.055244659,0.0010629136412329,0.0001644459999999,0.104778025,,,,,,,,,,,,,,,,,,,,,,,,,,,,,,
lt,s,1000,1,1000,0.063191,0.054228,0.054975977,0.0005517781859325,9.102700000000008e-05,0.055351796,,,,,,,,,,,,,,,,,,,,,,,,,,,,,,
lt,f,1000,3,8,0.155829,0.081809,0.128437625,0.0251377516443769,0.0001123169999999,0.00358441,619.0,373.0,0.088256,0.082251,0.006568,0.005711,0.0277027399030694,0.0270467882037533,0.0097327116083967,0.0102799460566839,,,,,,,,,,,,,,,,,,,,
lt,r,1000,3,1,0.056451,0.056451,0.056451,0.0,0.0001565599999999,0.0549656799999999,9.0,990.0,0.046319,0.022838,0.004531,0.003858,0.0126338888888888,0.0047573545454545,0.0128999532078776,0.001070394966542,,,,,,,,,,,,,,,,,,,,
lt,s,1000,3,1,0.070127,0.070127,0.070127,0.0,0.000162068,0.009076587,113.0,886.0,0.121707,0.042742,0.005507,0.003698,0.0128596637168141,0.0080130880361173,0.0117552975274005,0.0051314672980616,,,,,,,,,,,,,,,,,,,,
lt,f,1000,5,8,0.135003,0.071859,0.092246,0.0234861045194813,0.000113698,0.0034903369999999,178.0,332.0,0.053791,0.057381,0.008282,0.008393,0.0267423426966292,0.0265748403614457,0.0087525646527481,0.0088537916784822,181.0,301.0,0.081051,0.105427,0.004929,0.00727,0.0265151823204419,0.0278057707641196,0.0096701336627348,0.0126664685630111,,,,,,,,,,
lt,r,1000,5,1,0.057257,0.057257,0.057257,0.0,0.0001560169999999,0.055939163,19.0,440.0,0.023003,0.011462,0.00384,0.00387,0.005493947368421,0.0045781522727272,0.0041511422711254,0.0006839946584017,418.0,122.0,0.011894,0.027645,0.003906,0.003954,0.0047020119617224,0.0047942950819672,0.0007723534204475,0.002151618577511,,,,,,,,,,
lt,s,1000,5,1,0.056564,0.056564,0.056564,0.0,8.89079999999999e-05,0.00495055,124.0,30.0,0.014854,0.014795,0.003725,0.003818,0.0048640161290322,0.0051461,0.001690131150589,0.0020513799314932,89.0,756.0,0.016096,0.014752,0.003732,0.003682,0.0047577078651685,0.0045699894179894,0.0016880615783155,0.0010867315882321,,,,,,,,,,
lt,f,1000,7,8,0.12647,0.06564,0.086723625,0.021937239684709,0.0001144069999999,0.003608297,6.0,21.0,0.069363,0.053308,0.026219,0.008656,0.0443178333333333,0.0265316666666666,0.017835855632374,0.0115508429720553,583.0,144.0,0.138193,0.099771,0.007906,0.004477,0.0278501612349914,0.0298569722222222,0.011032758381631,0.0165725263186564,189.0,49.0,0.06253,0.051467,0.006467,0.007664,0.026654492063492,0.0274799795918367,0.0101549853092404,0.0091177142666659
lt,r,1000,7,1,0.057395,0.057395,0.057395,0.0,0.0001596949999999,0.056511138,474.0,2.0,0.016755,0.025282,0.003927,0.005102,0.0046923628691983,0.0151919999999999,0.0010545166785252,0.0100899999999999,184.0,61.0,0.019899,0.02429,0.003913,0.003951,0.0046904347826086,0.0049195737704918,0.0013461858906809,0.0026002193757325,252.0,26.0,0.017013,0.021851,0.003956,0.004063,0.0049267896825396,0.0053413461538461,0.0013435131568361,0.0033710029087716
lt,s,1000,7,1,0.057527,0.057527,0.057527,0.0,8.707799999999997e-05,0.0047919830000000005,3.0,67.0,0.013201,0.011862,0.004528,0.003635,0.007590666666666667,0.004395447761194029,0.003972672176535867,0.0012048350885306624,320.0,19.0,0.010581,0.012045,0.003698,0.0038,0.0044549968750000005,0.004715421052631579,0.0008834071594487076,0.001780911012162314,351.0,239.0,0.013006,0.009541,0.00367,0.003685,0.004510262108262109,0.004449326359832636,0.0009302394751658353,0.0008369046639264307
